name,email,date_of_birth,mobile_no,is_successful,sha256_dob,first_name,last_name
Aaron Wilson,Aaron_Wilson@burke-benton.net,19870517,75053391,1,6845c,Aaron,Wilson
Samuel Lee,Samuel_Lee@gardner-rodriguez.net,19740902,57636831,1,d3d5c,Samuel,Lee
Jennifer Weaver,Jennifer_Weaver@patterson.com,19781015,74152151,1,feb81,Jennifer,Weaver
Leonard Hamilton,Leonard_Hamilton@brown.com,19880229,76082775,1,f2276,Leonard,Hamilton
Kathy Phillips,Kathy_Phillips@floyd.com,19841216,57829247,1,608c9,Kathy,Phillips
Jennifer Jimenez,Jennifer_Jimenez@morgan.com,19921121,59592559,1,5ed59,Jennifer,Jimenez
Victoria Lawson,Victoria_Lawson@snyder.com,19540412,24045823,1,6d37f,Victoria,Lawson
Michael Martinez,Michael_Martinez@hogan.net,19521107,40271975,1,bc0fc,Michael,Martinez
Dr. Paul Jones,Paul_Jones@clark-irwin.com,19940215,91301999,1,f903f,Paul,Jones
Danielle Tran,Danielle_Tran@mann.com,19880826,85246679,1,40aaa,Danielle,Tran
Jeff Freeman,Jeff_Freeman@guzman.com,20030520,13590655,1,35a3d,Jeff,Freeman
Marissa Jones,Marissa_Jones@lewis.net,19580806,32094119,1,cdd9f,Marissa,Jones
Elijah Roy,Elijah_Roy@jones-baldwin.com,19870705,57159015,1,57ef7,Elijah,Roy
Courtney Simpson,Courtney_Simpson@preston-cantrell.com,19731103,77314887,1,7383f,Courtney,Simpson
Kimberly Hopkins,Kimberly_Hopkins@adams.com,19931022,67364511,1,56d12,Kimberly,Hopkins
William King,William_King@cline-allen.com,19841115,21561215,1,4ae33,William,King
Stephanie Robertson,Stephanie_Robertson@owen-rodriguez.com,20020508,75259367,1,e101e,Stephanie,Robertson
Rickey Hill,Rickey_Hill@parker-cohen.com,19640430,56465207,1,bd6cc,Rickey,Hill
Erika Stewart,Erika_Stewart@solis.com,19851226,83552695,1,40f40,Erika,Stewart
Christina Johnson,Christina_Johnson@clark.com,20010622,30262983,1,5dcd5,Christina,Johnson
Kelli Wells,Kelli_Wells@jones.com,19540308,27406215,1,5c2c0,Kelli,Wells
Nathan Archer,Nathan_Archer@gray.com,19560723,72954367,1,c6232,Nathan,Archer
Michael Kline,Michael_Kline@phelps-alvarez.com,19650623,20968343,1,6fe75,Michael,Kline
Joshua Rodriguez,Joshua_Rodriguez@thornton-benitez.com,19530317,27953967,1,1eec6,Joshua,Rodriguez
James Rodriguez,James_Rodriguez@logan.com,19810717,50981423,1,a7ea3,James,Rodriguez
Robert Ortega,Robert_Ortega@perez.com,19600316,57040695,1,7f647,Robert,Ortega
Teresa Ruiz,Teresa_Ruiz@holmes.com,19510904,22432447,1,e89df,Teresa,Ruiz
Madison Mejia,Madison_Mejia@sims.com,19530323,73824679,1,10b0a,Madison,Mejia
James Bailey,James_Bailey@flynn.net,19860710,26146743,1,6dd20,James,Bailey
Mary Perry,Mary_Perry@williams.net,19730808,57879711,1,e8625,Mary,Perry
Crystal Jones,Crystal_Jones@webb.com,19620914,39588047,1,85733,Crystal,Jones
Aaron Brown,Aaron_Brown@yates.com,19860502,43815191,1,9035e,Aaron,Brown
Tanya Barajas,Tanya_Barajas@davis.com,19740430,92793871,1,c09f8,Tanya,Barajas
Samantha Rasmussen,Samantha_Rasmussen@stokes-leon.com,19940621,26634223,1,0fcc4,Samantha,Rasmussen
Vincent Martin,Vincent_Martin@wright-lee.com,19840124,55457087,1,92713,Vincent,Martin
Tony Crawford,Tony_Crawford@moore.com,19870818,15997263,1,a2a35,Tony,Crawford
Randy Sullivan,Randy_Sullivan@perez.net,19611025,15665967,1,7d828,Randy,Sullivan
Kimberly Thompson,Kimberly_Thompson@brewer-walters.net,20001112,88531623,1,5e06b,Kimberly,Thompson
Martin Compton,Martin_Compton@morgan.com,19840602,42037887,1,395a9,Martin,Compton
Tracy Brown,Tracy_Brown@joyce.com,19720823,26044711,1,8baf8,Tracy,Brown
Leslie Preston,Leslie_Preston@johns.com,19721005,71892959,1,b78bc,Leslie,Preston
Jay Parker,Jay_Parker@fowler.net,19930930,57583783,1,311d6,Jay,Parker
Lance Williams,Lance_Williams@williams.net,19730807,19310567,1,44d67,Lance,Williams
Kathleen Allen,Kathleen_Allen@cook.com,19860113,38829559,1,b02ca,Kathleen,Allen
Marie Lamb,Marie_Lamb@hampton.com,19790410,26841263,1,5dc6d,Marie,Lamb
Nathan Flores,Nathan_Flores@gibbs.net,19790904,86883135,1,b1169,Nathan,Flores
Ashley Caldwell,Ashley_Caldwell@mason-bryant.com,19880903,13420663,1,aa013,Ashley,Caldwell
Renee Martin,Renee_Martin@crawford-walker.com,19810421,55803823,1,caab2,Renee,Martin
Keith Parker,Keith_Parker@moore.com,19640826,40120471,1,0793e,Keith,Parker
Melissa Levy,Melissa_Levy@arroyo.com,19500330,51842935,1,bef91,Melissa,Levy
Brandon Powell,Brandon_Powell@craig-gonzales.net,19760606,43375815,1,fe4b6,Brandon,Powell
Kimberly Stone,Kimberly_Stone@murphy-bryant.com,19940512,25323999,1,1d9aa,Kimberly,Stone
Adam Jones,Adam_Jones@ashley.com,19730316,55082935,1,575ba,Adam,Jones
Elizabeth Andersen,Elizabeth_Andersen@baker.com,19740123,69096535,1,61066,Elizabeth,Andersen
Destiny Lutz,Destiny_Lutz@thompson-wright.com,19941204,87853607,1,6aa1c,Destiny,Lutz
Brandy Allen,Brandy_Allen@hardy-griffin.com,19810113,92130799,1,54dd1,Brandy,Allen
Stephanie Decker,Stephanie_Decker@barrett.net,19770905,92626639,1,0c2ca,Stephanie,Decker
Michelle Keller,Michelle_Keller@johnson.com,19510706,56139711,1,86f7a,Michelle,Keller
Stacey Yates,Stacey_Yates@lewis.com,19920812,30115967,1,d9866,Stacey,Yates
Sue Lee,Sue_Lee@rojas.com,19860829,97367575,1,f9df7,Sue,Lee
Anna Long,Anna_Long@coleman.com,19740316,52566967,1,850ab,Anna,Long
Annette Watson,Annette_Watson@brown-brennan.com,19580423,67851175,1,6dc0c,Annette,Watson
James Thomas,James_Thomas@torres.net,19520509,58718239,1,6cc50,James,Thomas
Kelli Olson,Kelli_Olson@campbell.net,19960723,50265023,1,50aa7,Kelli,Olson
Becky Reid,Becky_Reid@vargas.net,19751027,37025287,1,1bdd4,Becky,Reid
Wesley Shaw,Wesley_Shaw@henderson-gibson.com,19830121,76819471,1,afe1c,Wesley,Shaw
Pamela Boyd,Pamela_Boyd@freeman.com,19680628,25030751,1,94bd7,Pamela,Boyd
Jeremy Lewis,Jeremy_Lewis@murray.com,19530107,44159519,1,644d9,Jeremy,Lewis
Jennifer Garza,Jennifer_Garza@herrera-klein.com,19890603,31999455,1,be6d1,Jennifer,Garza
Joseph Perry,Joseph_Perry@tucker.com,19510616,16254071,1,b530f,Joseph,Perry
Heather Herman,Heather_Herman@williams-lindsey.com,19710606,97877423,1,0ab62,Heather,Herman
Laura Lopez,Laura_Lopez@rodriguez.com,19901221,72627367,1,ea347,Laura,Lopez
Reginald Barnes,Reginald_Barnes@walker-robinson.com,19730214,19884399,1,f462c,Reginald,Barnes
Robert Weaver,Robert_Weaver@young-leonard.com,19820218,39131199,1,201e1,Robert,Weaver
Beth Martinez,Beth_Martinez@johnson.com,19681225,87909191,1,204f4,Beth,Martinez
Spencer Ware,Spencer_Ware@montgomery-lane.com,19801009,74599951,1,0b5e6,Spencer,Ware
Willie Erickson,Willie_Erickson@bartlett.com,19910110,53673855,1,3df9d,Willie,Erickson
Daniel Nguyen,Daniel_Nguyen@mccall.com,19590903,37673823,1,6a5e7,Daniel,Nguyen
Leonard Martinez,Leonard_Martinez@mcbride.com,19560922,14452319,1,7564a,Leonard,Martinez
Robert Stephens,Robert_Stephens@lopez.com,20000619,92784815,1,5a6e3,Robert,Stephens
Daniel Chen,Daniel_Chen@little.com,19520716,46750383,1,7d3b1,Daniel,Chen
Samuel Dalton,Samuel_Dalton@marquez.com,19960916,75194711,1,32ce4,Samuel,Dalton
Heather Bennett,Heather_Bennett@hamilton-blair.com,20020105,64795847,1,dcbc8,Heather,Bennett
Joshua King,Joshua_King@hale.net,20000601,99342223,1,f3369,Joshua,King
Crystal Blake,Crystal_Blake@parker.com,19701117,97878511,1,e7660,Crystal,Blake
Amanda Evans,Amanda_Evans@cox.com,19590224,92559519,1,62a52,Amanda,Evans
Sergio Day,Sergio_Day@guzman-garrett.com,19510531,27091295,1,69b70,Sergio,Day
Julie Boyd,Julie_Boyd@white-george.com,19690906,47949079,1,9e514,Julie,Boyd
Logan Watkins,Logan_Watkins@hernandez.com,20000511,87081215,1,c9964,Logan,Watkins
Steven Ortiz,Steven_Ortiz@hamilton.com,19670506,15073183,1,8f14e,Steven,Ortiz
Lisa Marquez,Lisa_Marquez@day-smith.com,19710326,18443671,1,7aa36,Lisa,Marquez
Jennifer Martin,Jennifer_Martin@moore.com,19830527,83212175,1,82381,Jennifer,Martin
Arthur Chandler,Arthur_Chandler@martin.com,19610210,18438007,1,4ab75,Arthur,Chandler
Ronald Hudson,Ronald_Hudson@carson.com,19510310,66192423,1,31f1d,Ronald,Hudson
Jennifer Lee,Jennifer_Lee@guerra-lopez.com,19500401,35305031,1,f2321,Jennifer,Lee
Gregory Yoder,Gregory_Yoder@robinson-johnson.com,19530620,75705319,1,70108,Gregory,Yoder
Carolyn Harmon,Carolyn_Harmon@watts-horn.com,19980124,55977599,1,69598,Carolyn,Harmon
Dr. Christopher Harrell,Christopher_Harrell@lindsey.com,19700630,52999479,1,7257b,Christopher,Harrell
Kevin Johnson,Kevin_Johnson@rogers.com,19930802,15154639,1,a67f3,Kevin,Johnson
Michael Harrison,Michael_Harrison@franklin.com,19510819,29087871,1,087c8,Michael,Harrison
Terry Moore,Terry_Moore@barker-ayers.com,19870615,19828167,1,c62aa,Terry,Moore
James Rogers,James_Rogers@green.net,19930704,65821255,1,656af,James,Rogers
Kathleen Tran,Kathleen_Tran@wilson.net,19740211,20044927,1,b0eca,Kathleen,Tran
Jacqueline Conway,Jacqueline_Conway@robinson-carson.com,19710617,91842383,1,ae427,Jacqueline,Conway
Maxwell Cole,Maxwell_Cole@larson.com,19510203,41796463,1,92aa4,Maxwell,Cole
Bethany Williamson,Bethany_Williamson@flores.com,19540310,40227935,1,2b72a,Bethany,Williamson
Joseph Wright,Joseph_Wright@powell.net,19570521,40768583,1,f1b73,Joseph,Wright
Heidi Bolton,Heidi_Bolton@spencer.com,19560616,58079023,1,06e0a,Heidi,Bolton
Daniel Lewis,Daniel_Lewis@robertson.com,19770205,48084439,1,e0082,Daniel,Lewis
Dale Ramirez,Dale_Ramirez@patton.com,19550323,59875791,1,63293,Dale,Ramirez
Carol Sharp,Carol_Sharp@garcia-lamb.com,19751203,18014567,1,19bdd,Carol,Sharp
Joseph Buck,Joseph_Buck@jacobs.com,19520311,34270063,1,542b9,Joseph,Buck
Lynn Anderson,Lynn_Anderson@williams-carter.com,19960113,75488911,1,542fb,Lynn,Anderson
Sarah Harris,Sarah_Harris@thomas-sanchez.com,20010530,52442775,1,526ca,Sarah,Harris
Victor Owens,Victor_Owens@collins.com,19960815,53064383,1,620f1,Victor,Owens
Kimberly Koch,Kimberly_Koch@rodriguez.net,19870125,35893839,1,43971,Kimberly,Koch
Allison Obrien,Allison_Obrien@bailey-sanders.com,19620423,81154631,1,00e34,Allison,Obrien
John Rogers,John_Rogers@oneill.com,19710509,21046575,1,83dc9,John,Rogers
Janet Collins,Janet_Collins@farrell.com,19840721,89424095,1,120bd,Janet,Collins
Kristin Lawson,Kristin_Lawson@salinas.com,19761101,36661711,1,a0aec,Kristin,Lawson
James Castaneda,James_Castaneda@miller-hart.com,19640126,64715807,1,7660a,James,Castaneda
Robert Ortiz,Robert_Ortiz@saunders-hunter.com,19761108,80296223,1,66abd,Robert,Ortiz
Connie Harper,Connie_Harper@lewis.com,19950627,21369119,1,709ac,Connie,Harper
Debbie Burns,Debbie_Burns@salinas.com,19830806,95570935,1,f2b3a,Debbie,Burns
Gabriel Preston,Gabriel_Preston@black.com,19961120,88336263,1,b6298,Gabriel,Preston
Brandon Orozco,Brandon_Orozco@greene.com,19870717,59988495,1,02d2b,Brandon,Orozco
Kari Nguyen,Kari_Nguyen@farley.com,19991119,47980591,1,6f546,Kari,Nguyen
Brittany Hill,Brittany_Hill@rogers-hoffman.com,19870605,90817791,1,2c87a,Brittany,Hill
Carrie Martinez,Carrie_Martinez@hendrix.com,19740124,96107743,1,a7c33,Carrie,Martinez
Linda White,Linda_White@moore.com,19751015,84876711,1,e9960,Linda,White
Jake Spencer,Jake_Spencer@murphy.com,20020509,53533879,1,c21d7,Jake,Spencer
Joseph Chan,Joseph_Chan@hutchinson-gutierrez.com,19660922,19544079,1,f9d1e,Joseph,Chan
Kathleen Ali,Kathleen_Ali@horn-rogers.com,19960602,45338687,1,a2746,Kathleen,Ali
Danielle Stephens,Danielle_Stephens@miller.net,19610929,16838823,1,baaae,Danielle,Stephens
Brianna Schaefer,Brianna_Schaefer@nelson-mcmahon.com,19760312,34700887,1,ff120,Brianna,Schaefer
Angela Morris,Angela_Morris@murray.com,19760207,89409391,1,d143a,Angela,Morris
Jessica Smith,Jessica_Smith@walsh-steele.com,19510531,97984639,1,69b70,Jessica,Smith
Brenda Long,Brenda_Long@carter.net,19510914,45992583,1,f0fca,Brenda,Long
Megan Taylor,Megan_Taylor@montgomery.com,19931005,12610975,1,7a3e1,Megan,Taylor
Kelly Morales,Kelly_Morales@sanchez.com,19800227,44799815,1,3cabc,Kelly,Morales
Sheri Johnson,Sheri_Johnson@lucas.com,19880422,34118127,1,5c594,Sheri,Johnson
Lori Pacheco,Lori_Pacheco@ayala.com,19620630,94662495,1,7ccf5,Lori,Pacheco
Sandra Schmidt,Sandra_Schmidt@herrera.com,19590711,50638143,1,be25c,Sandra,Schmidt
Ms. Rachel Hill,Rachel_Hill@gutierrez.com,19540212,55824367,1,bc827,Rachel,Hill
Emily Case,Emily_Case@lewis.com,19850508,90216215,1,1fe51,Emily,Case
Seth Alvarez,Seth_Alvarez@conrad.com,19800801,90929927,1,f00bd,Seth,Alvarez
Jose Reyes,Jose_Reyes@garcia.com,19700929,94563263,1,0a636,Jose,Reyes
Zachary Le,Zachary_Le@whitaker.com,19851028,56441999,1,44e84,Zachary,Le
Rhonda Anthony,Rhonda_Anthony@lawson.com,19740915,12850551,1,91ec3,Rhonda,Anthony
Joseph Hill,Joseph_Hill@rodriguez-newton.com,20020923,89902687,1,0d4d9,Joseph,Hill
Erin Davis,Erin_Davis@sanchez.net,19600917,22992863,1,dbcb2,Erin,Davis
Lucas Brown,Lucas_Brown@miller.com,19891101,34675679,1,1ebf8,Lucas,Brown
William Garcia,William_Garcia@powell.com,19850912,25729991,1,72e9b,William,Garcia
Lauren Swanson,Lauren_Swanson@pena-pierce.com,19610921,85204407,1,b3ea5,Lauren,Swanson
John Frank,John_Frank@martin.com,19500519,42691023,1,4dfb9,John,Frank
Nicole Schmidt,Nicole_Schmidt@stephens.com,19651109,86157423,1,54bf2,Nicole,Schmidt
Nathan Gray,Nathan_Gray@scott-gonzalez.com,19960618,48983767,1,15cd6,Nathan,Gray
Nichole Delgado,Nichole_Delgado@dixon-cruz.com,19720305,60338223,1,f68ba,Nichole,Delgado
Marcus Rodriguez,Marcus_Rodriguez@jones.com,19690511,23424599,1,3a35b,Marcus,Rodriguez
Samuel Solomon,Samuel_Solomon@wolf.net,19871230,26166751,1,23bae,Samuel,Solomon
Katrina Miller,Katrina_Miller@grimes.com,19540308,81240247,1,5c2c0,Katrina,Miller
Raymond Conner,Raymond_Conner@oneal-johnson.com,19970128,95736583,1,71970,Raymond,Conner
Lori Fuller,Lori_Fuller@gordon.com,19680101,54288255,1,9068b,Lori,Fuller
Corey Wilson,Corey_Wilson@hoover-hernandez.com,19531011,39467535,1,da57e,Corey,Wilson
Holly James,Holly_James@macdonald.com,19641104,62732175,1,e7a3a,Holly,James
Alicia Mccarty,Alicia_Mccarty@beasley.com,19820916,57669519,1,a4b9d,Alicia,Mccarty
Zoe Christian,Zoe_Christian@grant.com,19990319,22170983,1,90eb3,Zoe,Christian
Nicholas Watson,Nicholas_Watson@williams.com,19620403,72181751,1,61db6,Nicholas,Watson
Victoria Wood,Victoria_Wood@proctor-baker.com,19910622,13955959,1,67f27,Victoria,Wood
Jillian Knight,Jillian_Knight@davenport.com,19881108,20417711,1,10192,Jillian,Knight
Ryan Fisher,Ryan_Fisher@fletcher.com,19871030,63505855,1,27703,Ryan,Fisher
Stephanie Howe,Stephanie_Howe@allen.com,19630509,37283343,1,80a05,Stephanie,Howe
Kenneth Kim,Kenneth_Kim@duran.com,19990505,37818767,1,c0e4a,Kenneth,Kim
Andrew Macias,Andrew_Macias@douglas.com,19661013,28232535,1,a4116,Andrew,Macias
Elizabeth Huffman,Elizabeth_Huffman@zamora.com,19580918,15486151,1,fb25a,Elizabeth,Huffman
Christina Stone,Christina_Stone@medina.com,19930320,34449775,1,9ab9f,Christina,Stone
Alexander Merritt,Alexander_Merritt@butler.net,19800913,33574735,1,696fd,Alexander,Merritt
Kelly Sanders,Kelly_Sanders@coleman.com,19520413,29703695,1,e9c2f,Kelly,Sanders
Matthew Jones,Matthew_Jones@arnold.com,20000615,98616991,1,fae51,Matthew,Jones
Sarah David,Sarah_David@collier.net,19981216,97218247,1,39e9f,Sarah,David
Carmen Barajas,Carmen_Barajas@smith.com,19810526,34685455,1,62836,Carmen,Barajas
Angela Johnson,Angela_Johnson@stewart.com,19840827,62439103,1,5dcba,Angela,Johnson
Melissa Sparks,Melissa_Sparks@sanchez-stevenson.com,19930802,27530863,1,a67f3,Melissa,Sparks
Katherine Hill,Katherine_Hill@tran.com,19830918,37709951,1,e971e,Katherine,Hill
Kristin Hart,Kristin_Hart@ortega.com,19661217,36255543,1,3b264,Kristin,Hart
Jacqueline Ho,Jacqueline_Ho@henry.com,19610131,75359367,1,73551,Jacqueline,Ho
Michael Knight,Michael_Knight@davidson.com,19870804,71412263,1,d46f2,Michael,Knight
Heather Arroyo,Heather_Arroyo@martinez.com,19790709,36165719,1,44022,Heather,Arroyo
Lori Larson,Lori_Larson@flowers.com,19630807,38397103,1,06714,Lori,Larson
David Vazquez,David_Vazquez@davila-beck.com,19901206,57160871,1,73e4f,David,Vazquez
Sherry Hicks,Sherry_Hicks@stout-nicholson.com,19611127,12514111,1,5e5f2,Sherry,Hicks
Sarah Davila,Sarah_Davila@nash.com,19790906,46685303,1,1977b,Sarah,Davila
Karen Oneill,Karen_Oneill@gomez.com,19921004,72265879,1,7278c,Karen,Oneill
Nicholas Mills,Nicholas_Mills@williams.com,19631001,68844231,1,f511a,Nicholas,Mills
Jennifer Montgomery,Jennifer_Montgomery@estrada-cole.com,19710715,53834071,1,1a334,Jennifer,Montgomery
Cynthia Bailey,Cynthia_Bailey@oneill.com,19790825,48942719,1,13beb,Cynthia,Bailey
John Wright,John_Wright@harris.com,19831019,96650335,1,fefcf,John,Wright
Sheila Brown,Sheila_Brown@stevens-edwards.com,19821128,32490999,1,565a7,Sheila,Brown
Lisa Moore,Lisa_Moore@ramos.com,19941119,99493567,1,a6529,Lisa,Moore
Julian Newman,Julian_Newman@haynes.com,19580313,49873159,1,15a27,Julian,Newman
Thomas Ferguson,Thomas_Ferguson@guzman.com,19591213,28787319,1,fb458,Thomas,Ferguson
Lauren Rodriguez,Lauren_Rodriguez@soto.com,19931016,27106623,1,a9b99,Lauren,Rodriguez
Richard Anderson,Richard_Anderson@white.com,19580706,66751511,1,76323,Richard,Anderson
Jessica Lee,Jessica_Lee@brown-baxter.com,19670124,89410823,1,7f12f,Jessica,Lee
Martin Allen,Martin_Allen@steele.com,20020924,99969439,1,7a4f2,Martin,Allen
Angela Mitchell,Angela_Mitchell@moreno-evans.com,19690105,50190223,1,06d3f,Angela,Mitchell
Derrick Sanchez,Derrick_Sanchez@mitchell.com,19700424,97980535,1,9f266,Derrick,Sanchez
Christine Ellis,Christine_Ellis@blackwell.com,19980617,69393823,1,b9ff0,Christine,Ellis
Alyssa Salinas,Alyssa_Salinas@robbins.com,19981007,41363847,1,4cb46,Alyssa,Salinas
Mr. Kevin Walsh,Kevin_Walsh@hamilton.net,19920805,63251375,1,8cd29,Kevin,Walsh
Kenneth Knox,Kenneth_Knox@zamora.com,19990626,47904991,1,d64ed,Kenneth,Knox
Steve Mitchell,Steve_Mitchell@adkins-russell.com,19751027,98789479,1,1bdd4,Steve,Mitchell
Craig Hendricks,Craig_Hendricks@garcia-higgins.com,19951018,51721063,1,a352c,Craig,Hendricks
Ricky Kerr,Ricky_Kerr@gonzalez-martinez.com,19510625,43238807,1,a02d8,Ricky,Kerr
Gloria Aguilar,Gloria_Aguilar@dorsey-donaldson.com,19690606,69773231,1,d3661,Gloria,Aguilar
Alexander Knight,Alexander_Knight@doyle.com,19740812,41639975,1,7e064,Alexander,Knight
Joseph Cross,Joseph_Cross@mason-shaw.net,19530126,35750023,1,36c08,Joseph,Cross
Dr. Joel Myers PhD,Joel_Myers@smith-willis.net,19720920,49665991,1,1466d,Joel,Myers
Michael Mckee,Michael_Mckee@gordon.com,20000917,87409327,1,92c0e,Michael,Mckee
Roy Park,Roy_Park@rodriguez-west.com,19551029,69451423,1,a639e,Roy,Park
Jonathan Castro,Jonathan_Castro@sandoval.com,19700409,95059239,1,49d90,Jonathan,Castro
Richard Carroll,Richard_Carroll@massey-gardner.com,19610526,61422551,1,78391,Richard,Carroll
Michelle Fletcher,Michelle_Fletcher@anderson.com,19831024,15665159,1,e6fff,Michelle,Fletcher
Carol Murphy,Carol_Murphy@lowe.com,19640317,54241135,1,ecd95,Carol,Murphy
Michael Russell,Michael_Russell@orozco.com,19680308,24280095,1,203e4,Michael,Russell
Shawna Andrews,Shawna_Andrews@freeman.com,19981115,12022295,1,776f9,Shawna,Andrews
Dana Hernandez,Dana_Hernandez@jackson.com,19940126,50236391,1,3d7b1,Dana,Hernandez
Lauren Harris,Lauren_Harris@long.com,19780811,42605007,1,e20bd,Lauren,Harris
Sean Morales,Sean_Morales@molina.com,20030920,50605207,1,867f3,Sean,Morales
John Mendoza,John_Mendoza@mahoney.com,19850519,85845135,1,fa60d,John,Mendoza
Sierra Mcdaniel,Sierra_Mcdaniel@mata.com,20030713,77274903,1,4de3f,Sierra,Mcdaniel
Wendy Smith,Wendy_Smith@smith-webb.com,19700128,60349279,1,85c0b,Wendy,Smith
Leslie Diaz,Leslie_Diaz@thomas-shelton.com,19570430,57506727,1,0bd1d,Leslie,Diaz
Grant Snyder,Grant_Snyder@gonzales.com,19731031,23872143,1,d3f05,Grant,Snyder
Brandi Jenkins,Brandi_Jenkins@miller.com,19651228,79308567,1,27fe6,Brandi,Jenkins
Amy Haynes,Amy_Haynes@levy.com,19600314,41563455,1,18bc2,Amy,Haynes
John Roberts,John_Roberts@hendricks.com,19540315,16513279,1,d606a,John,Roberts
Carrie Nelson,Carrie_Nelson@archer-murphy.com,19510609,49242255,1,fde1d,Carrie,Nelson
Jacob Hood,Jacob_Hood@evans.com,19560208,24204143,1,bb6b9,Jacob,Hood
Tracy Charles,Tracy_Charles@rowe.com,19931108,62200511,1,02485,Tracy,Charles
Brandon Johnson,Brandon_Johnson@ramirez.com,19850310,60862935,1,56e3d,Brandon,Johnson
Wendy Nelson,Wendy_Nelson@day.com,19650108,59119063,1,f7fc3,Wendy,Nelson
Jasmine Ramsey,Jasmine_Ramsey@jackson.com,19500407,16447279,1,843ef,Jasmine,Ramsey
William Beltran,William_Beltran@bean.com,19850313,16495975,1,b42ac,William,Beltran
Gerald Stuart,Gerald_Stuart@strong.net,19951008,98421991,1,08df4,Gerald,Stuart
Jacob Vaughan,Jacob_Vaughan@martinez.com,19830908,69615007,1,40056,Jacob,Vaughan
Matthew Fuentes,Matthew_Fuentes@miranda.com,19660329,33411447,1,0598c,Matthew,Fuentes
April Carpenter,April_Carpenter@page.com,19710929,97274415,1,4acee,April,Carpenter
Rachel Garcia,Rachel_Garcia@neal.com,19961021,87786127,1,d383b,Rachel,Garcia
Patrick Madden,Patrick_Madden@sanders.com,19941101,35389647,1,d8100,Patrick,Madden
Angela Myers,Angela_Myers@rodriguez.com,19740126,59457063,1,96365,Angela,Myers
Wayne Baker,Wayne_Baker@brown.com,19671227,92067207,1,726e6,Wayne,Baker
Haley Cox,Haley_Cox@lewis.com,19641001,27911351,1,c2d50,Haley,Cox
Dan Sanders,Dan_Sanders@klein-hernandez.com,19500813,30043759,1,65a5d,Dan,Sanders
Thomas Fisher,Thomas_Fisher@phillips.com,19850415,99090999,1,cd40a,Thomas,Fisher
Taylor Lopez,Taylor_Lopez@jones-salazar.com,19570522,17889439,1,d2a7d,Taylor,Lopez
Jeffrey Macias,Jeffrey_Macias@cox.com,19901003,98485783,1,b438f,Jeffrey,Macias
Brian Drake,Brian_Drake@hurst-price.net,19620211,83466007,1,a32f0,Brian,Drake
Timothy Jordan,Timothy_Jordan@young.com,19991228,77411263,1,26d57,Timothy,Jordan
Kathy Leblanc,Kathy_Leblanc@warren-gray.com,19810227,69067343,1,25e89,Kathy,Leblanc
William Floyd,William_Floyd@duran.com,19720713,27758191,1,ee7c0,William,Floyd
Angela Hayden,Angela_Hayden@barry.net,19960623,28574351,1,44dbe,Angela,Hayden
Renee Hodges,Renee_Hodges@hamilton.com,19871228,63899519,1,c3205,Renee,Hodges
Samantha Miller,Samantha_Miller@mcmahon.com,19650406,41451647,1,b1a7b,Samantha,Miller
Lauren Orozco,Lauren_Orozco@sanchez.com,20000126,71540231,1,32e5d,Lauren,Orozco
April Owen,April_Owen@sanchez.com,19670923,16552967,1,1c1c8,April,Owen
Mr. Evan Russell,Evan_Russell@ferguson.net,19590120,75209343,1,eeae9,Evan,Russell
Brent Castaneda,Brent_Castaneda@garcia.com,19580307,80875871,1,1e9a5,Brent,Castaneda
Gregory Peters,Gregory_Peters@ray.net,19900902,78256247,1,62c2d,Gregory,Peters
Matthew Salazar,Matthew_Salazar@jones-jones.com,19991211,50895327,1,8a391,Matthew,Salazar
Natasha Martinez,Natasha_Martinez@west.com,19680418,55194439,1,fa7cb,Natasha,Martinez
Charles Powell,Charles_Powell@knight.com,19970906,47215879,1,89e26,Charles,Powell
Brian Powell,Brian_Powell@hernandez.com,19591115,67153775,1,c3379,Brian,Powell
Laura Sandoval,Laura_Sandoval@brown.com,19860913,17475623,1,6592d,Laura,Sandoval
Mr. Charles Gonzalez,Charles_Gonzalez@navarro.com,19710404,94465511,1,bc4a4,Charles,Gonzalez
Nicholas Caldwell,Nicholas_Caldwell@hurley-bass.com,19770714,42525999,1,92d76,Nicholas,Caldwell
Brian Wyatt,Brian_Wyatt@wright-young.com,19581211,63631399,1,ac546,Brian,Wyatt
Ryan Garcia,Ryan_Garcia@vazquez-wells.com,19930815,26856535,1,a540e,Ryan,Garcia
Megan Anderson,Megan_Anderson@wilson-murillo.com,19700729,21736903,1,a86c0,Megan,Anderson
Pamela Hughes,Pamela_Hughes@charles-costa.com,19870613,40181295,1,5403f,Pamela,Hughes
Tiffany Scott,Tiffany_Scott@davis.com,19861110,76272207,1,af31d,Tiffany,Scott
Stanley Conway,Stanley_Conway@adams.com,19850905,71853567,1,b17c3,Stanley,Conway
Yolanda Petty,Yolanda_Petty@dunlap-brown.com,19910125,69674519,1,89b4f,Yolanda,Petty
Tara Jones,Tara_Jones@blankenship.net,19850303,49275455,1,7290c,Tara,Jones
George Williams,George_Williams@patton.com,19810319,69991287,1,c20d3,George,Williams
Lori Allen,Lori_Allen@valdez-phillips.com,20020916,28175727,1,8c000,Lori,Allen
Charles Kelly,Charles_Kelly@dalton.com,19690401,62777351,1,0c61d,Charles,Kelly
Jonathan Villa,Jonathan_Villa@suarez.com,19751203,80471287,1,19bdd,Jonathan,Villa
Cindy Jackson,Cindy_Jackson@garcia-burch.com,19670727,60954247,1,40b1b,Cindy,Jackson
Scott Williams,Scott_Williams@keller-wong.com,19800803,85799255,1,09feb,Scott,Williams
Dylan Hernandez,Dylan_Hernandez@singleton-johnson.com,19950301,31405951,1,04544,Dylan,Hernandez
Michelle Garcia,Michelle_Garcia@lynch.com,19801017,52895823,1,6967c,Michelle,Garcia
Matthew Bailey,Matthew_Bailey@benjamin.com,19870728,39436023,1,255ab,Matthew,Bailey
Curtis Flynn,Curtis_Flynn@cook-drake.com,19780926,58787463,1,066c3,Curtis,Flynn
Thomas Perez,Thomas_Perez@greene-lopez.com,19630220,96377439,1,7a5c3,Thomas,Perez
Sheri Kline,Sheri_Kline@hinton.com,19940609,33546343,1,e724e,Sheri,Kline
Mr. Jeff Baker,Jeff_Baker@bentley.com,19670424,57871767,1,4cd37,Jeff,Baker
Shannon Thomas,Shannon_Thomas@dawson-alexander.com,19680903,18892279,1,2a3b9,Shannon,Thomas
Jeffrey Murray,Jeffrey_Murray@jones.net,19821221,27473887,1,8d3f7,Jeffrey,Murray
Kristin Wagner,Kristin_Wagner@clayton.com,19970129,66045343,1,83f4e,Kristin,Wagner
Nicole Shea,Nicole_Shea@mcclure.com,19560102,28795599,1,abeb3,Nicole,Shea
Patty Smith,Patty_Smith@ross.com,19750827,59428759,1,c7677,Patty,Smith
Sean Wang DDS,Sean_Wang@gibson-calderon.com,19600311,25595367,1,04168,Sean,Wang
Richard Estrada,Richard_Estrada@malone.com,19921015,22821527,1,0bf5b,Richard,Estrada
Jackson Cline,Jackson_Cline@hudson.net,19710121,48056519,1,825fb,Jackson,Cline
Allen Williams,Allen_Williams@sanchez.net,19971109,77991519,1,3e726,Allen,Williams
Eric Flores,Eric_Flores@dillon-patterson.com,19820701,36641663,1,8a42c,Eric,Flores
Anna Richardson,Anna_Richardson@perry.com,19670223,64083047,1,ef158,Anna,Richardson
Taylor Gomez,Taylor_Gomez@johnston.com,19821022,24007567,1,876bf,Taylor,Gomez
Jeremy Rodriguez,Jeremy_Rodriguez@roth.com,19780828,32567967,1,93ac7,Jeremy,Rodriguez
April Garcia,April_Garcia@hall.com,19871231,24650447,1,26b55,April,Garcia
Sharon Garza,Sharon_Garza@duran.com,20020830,59411567,1,40199,Sharon,Garza
Lori Sanchez,Lori_Sanchez@hardin-warner.net,19980420,76989167,1,364a7,Lori,Sanchez
Jason Armstrong,Jason_Armstrong@curtis.com,19921116,68514503,1,e2fb8,Jason,Armstrong
Jessica Allison,Jessica_Allison@harper.com,19721030,66821135,1,0c21b,Jessica,Allison
Arthur Hall MD,Arthur_Hall@gonzalez.com,19941103,65493407,1,b302a,Arthur,Hall
Sherry Meza,Sherry_Meza@west.com,19970904,33491119,1,af7be,Sherry,Meza
Matthew Turner,Matthew_Turner@martinez.com,19940707,73291455,1,0303a,Matthew,Turner
Sophia Randolph,Sophia_Randolph@leonard-ramirez.com,19500807,94510479,1,76c7a,Sophia,Randolph
Dr. Samuel Thompson,Samuel_Thompson@sanchez-carroll.com,19840403,99063183,1,16040,Samuel,Thompson
Zachary Lee,Zachary_Lee@smith.com,19870704,36447751,1,76cce,Zachary,Lee
Kara Pittman,Kara_Pittman@gomez-vaughn.com,19680525,80502567,1,44c4d,Kara,Pittman
Gabriella Anthony,Gabriella_Anthony@castro.com,19970106,89108943,1,ebd30,Gabriella,Anthony
Misty Cantrell,Misty_Cantrell@flores-decker.com,19570303,79619831,1,b19eb,Misty,Cantrell
Kelly Guerrero,Kelly_Guerrero@riggs.com,19970203,53052583,1,d55cb,Kelly,Guerrero
David Nichols,David_Nichols@rocha.com,19620819,62269575,1,9226a,David,Nichols
Shawn Galloway,Shawn_Galloway@johnston.com,19850419,17471367,1,1a4d2,Shawn,Galloway
Dennis Sanford,Dennis_Sanford@lopez-archer.com,19800806,88084407,1,c7e24,Dennis,Sanford
Amanda Murphy,Amanda_Murphy@bright-gibbs.net,20000730,30501351,1,0851c,Amanda,Murphy
Bobby Martin,Bobby_Martin@jackson.com,20000331,43871143,1,35f44,Bobby,Martin
Vernon Bishop,Vernon_Bishop@clark-larson.com,19730710,78396487,1,b0506,Vernon,Bishop
Phillip Meyers,Phillip_Meyers@mcneil-williams.com,19601022,95409119,1,2871d,Phillip,Meyers
Robert Martin,Robert_Martin@crawford.com,19500718,78547615,1,6f48d,Robert,Martin
William Taylor,William_Taylor@warner-morgan.net,19860131,42996791,1,4fbc5,William,Taylor
Michael Brady,Michael_Brady@wells-sanders.com,19500323,65342263,1,bd431,Michael,Brady
James Rhodes,James_Rhodes@green.com,19771010,27465295,1,df266,James,Rhodes
Ryan Ramirez,Ryan_Ramirez@pham.com,19850425,67907071,1,5ff32,Ryan,Ramirez
Stephen Thompson,Stephen_Thompson@hess.com,19511112,75033031,1,52cd0,Stephen,Thompson
Susan Williams,Susan_Williams@rowland.com,19760512,95688383,1,446e0,Susan,Williams
Dylan Johnson,Dylan_Johnson@montgomery.com,19960107,52048815,1,d53b7,Dylan,Johnson
Pamela King,Pamela_King@soto.net,19930929,72515095,1,01148,Pamela,King
Robert Smith,Robert_Smith@joyce.com,19870424,76366335,1,634dd,Robert,Smith
Samantha Gonzalez,Samantha_Gonzalez@rios-fletcher.com,19980829,40456647,1,31e9a,Samantha,Gonzalez
Jeffery Walker,Jeffery_Walker@watson.com,19560624,46574799,1,ba5b7,Jeffery,Walker
Todd Alvarez,Todd_Alvarez@vaughn.com,19741125,42011263,1,7bc5d,Todd,Alvarez
Brett Willis,Brett_Willis@gibbs.com,19610908,86342007,1,d0046,Brett,Willis
Kristin Wilkins,Kristin_Wilkins@harvey.com,20020511,84393855,1,48a0a,Kristin,Wilkins
Joshua Lynch,Joshua_Lynch@daniels.com,19650526,71572839,1,49515,Joshua,Lynch
Deborah Williams,Deborah_Williams@howard.com,19841121,11357647,1,e69d3,Deborah,Williams
Timothy Martin,Timothy_Martin@camacho-sparks.net,20030105,92008191,1,0575d,Timothy,Martin
Sarah Bright,Sarah_Bright@winters.com,19981115,24327743,1,776f9,Sarah,Bright
Rebecca Anderson,Rebecca_Anderson@carter-ramirez.com,19730827,27023231,1,48071,Rebecca,Anderson
Roger Frost,Roger_Frost@cole-robinson.com,19700217,94120431,1,5ba4a,Roger,Frost
Eric Dunn,Eric_Dunn@reese.com,19600712,13714207,1,ae8e6,Eric,Dunn
Heather Pierce,Heather_Pierce@williams-edwards.com,19570813,32413999,1,1096d,Heather,Pierce
Jordan Erickson,Jordan_Erickson@martinez.com,19750802,64756655,1,6b984,Jordan,Erickson
Susan Ali,Susan_Ali@leach.com,19990105,74229143,1,f361f,Susan,Ali
Richard Wilson,Richard_Wilson@hernandez.com,19990703,36349175,1,f0626,Richard,Wilson
Jon Butler,Jon_Butler@blackwell.com,19870318,78121695,1,a60e8,Jon,Butler
Paul Phillips,Paul_Phillips@vance.com,19970216,11213063,1,01acd,Paul,Phillips
Adam Parker,Adam_Parker@yoder.com,19980722,27783391,1,5ebc0,Adam,Parker
Cory Walker,Cory_Walker@torres.net,19621208,37614935,1,a21be,Cory,Walker
Jeffrey Sanchez,Jeffrey_Sanchez@jones-butler.com,19950914,73226919,1,cf3c9,Jeffrey,Sanchez
Bianca Martin,Bianca_Martin@mitchell.com,19780205,86924127,1,7bf56,Bianca,Martin
Jeffrey King,Jeffrey_King@hicks-boyd.com,19770623,68622991,1,2f8a4,Jeffrey,King
Melanie Wiggins,Melanie_Wiggins@mcdonald-rice.com,20000214,91699615,1,c46e0,Melanie,Wiggins
Mr. Daniel Smith,Daniel_Smith@cummings.com,19860308,26613823,1,e0b77,Daniel,Smith
Scott Lawrence,Scott_Lawrence@aguilar.com,19760104,59217375,1,fbccd,Scott,Lawrence
James Sosa,James_Sosa@robles-hawkins.com,19571108,47053447,1,8de3e,James,Sosa
Jamie Jackson,Jamie_Jackson@carr.com,19770526,71512687,1,b5943,Jamie,Jackson
Jeffrey Hatfield,Jeffrey_Hatfield@morgan-erickson.com,19701014,69441735,1,bf691,Jeffrey,Hatfield
James Phillips,James_Phillips@green-taylor.com,19611019,89808183,1,c68d2,James,Phillips
Jessica Moore,Jessica_Moore@harrison-bautista.com,19990509,27155335,1,6e3b7,Jessica,Moore
Richard Anderson,Richard_Anderson@peck-franklin.com,19700405,24730327,1,6c12a,Richard,Anderson
Lauren Hahn,Lauren_Hahn@simmons.com,19720620,15132727,1,38908,Lauren,Hahn
Faith Edwards,Faith_Edwards@price.net,19770726,44653063,1,96edd,Faith,Edwards
Laura Vargas,Laura_Vargas@gallagher-young.com,19771009,40816943,1,0365e,Laura,Vargas
Sarah Lewis,Sarah_Lewis@wyatt.com,19810225,37945839,1,f236b,Sarah,Lewis
Brad Huff,Brad_Huff@moore.com,19611227,28207575,1,88806,Brad,Huff
Alexander Richardson,Alexander_Richardson@perez.com,19581025,34675335,1,e102e,Alexander,Richardson
Matthew Moore,Matthew_Moore@nichols.com,20030707,66391671,1,4788f,Matthew,Moore
Joseph Howard,Joseph_Howard@williams.com,19520726,46746383,1,99bdb,Joseph,Howard
Anne Richards,Anne_Richards@mccarthy.com,19690906,84963423,1,9e514,Anne,Richards
Derek Thomas,Derek_Thomas@green.com,19640724,37329863,1,a6b2a,Derek,Thomas
Joseph Bonilla,Joseph_Bonilla@freeman.com,19740508,66912183,1,07c60,Joseph,Bonilla
Gary Barber,Gary_Barber@roberts.net,19551112,44790343,1,8e448,Gary,Barber
Brian Johnson,Brian_Johnson@carr.com,19810617,76631695,1,01409,Brian,Johnson
Christine Peterson,Christine_Peterson@hamilton.com,19741119,57627175,1,d3043,Christine,Peterson
Christopher Bautista,Christopher_Bautista@rodgers.com,19941202,48834663,1,f2b74,Christopher,Bautista
Barbara Krueger,Barbara_Krueger@strong.com,19520322,30905343,1,f41b0,Barbara,Krueger
Monica Oconnor,Monica_Oconnor@gordon.com,19800701,97887295,1,efac7,Monica,Oconnor
Peggy Johnson,Peggy_Johnson@berg.com,19720328,34795631,1,317e0,Peggy,Johnson
Susan Herrera,Susan_Herrera@gomez.com,19550826,24027735,1,2275e,Susan,Herrera
Andrew Matthews,Andrew_Matthews@ramos-vaughn.com,19880219,90821359,1,33105,Andrew,Matthews
Erin Kennedy,Erin_Kennedy@hendricks-mason.com,19650109,35865639,1,e1e07,Erin,Kennedy
Jason Lopez,Jason_Lopez@wood-hill.com,19740830,11287127,1,ad64b,Jason,Lopez
Jerry Clark,Jerry_Clark@perez.com,19950928,46859655,1,850e2,Jerry,Clark
Alyssa Kim,Alyssa_Kim@beck-zuniga.com,19900811,59732335,1,bc531,Alyssa,Kim
Courtney Williams,Courtney_Williams@garner.com,19990919,27598999,1,225d6,Courtney,Williams
Matthew Nelson,Matthew_Nelson@hunt.com,19580127,45515247,1,49b51,Matthew,Nelson
Robert Moore,Robert_Moore@young.com,19550415,19512199,1,bd6b1,Robert,Moore
Nicole Mcgee,Nicole_Mcgee@reyes.com,19590303,34539135,1,84007,Nicole,Mcgee
Danielle Hunter,Danielle_Hunter@ballard.com,19710811,99947039,1,c76d0,Danielle,Hunter
Kelly Perez,Kelly_Perez@ward-wilson.com,19600519,60614735,1,016c7,Kelly,Perez
Mary Odom,Mary_Odom@morgan-reynolds.com,19630813,98738367,1,e8796,Mary,Odom
Arthur Gibson II,Arthur_Gibson@thompson-thompson.com,19610603,75411807,1,a7c50,Arthur,Gibson
Christopher Miller,Christopher_Miller@kelly.com,19850131,16222031,1,5a80b,Christopher,Miller
Amber Hopkins,Amber_Hopkins@hall.com,19750831,15289039,1,7c2f6,Amber,Hopkins
Nancy Garcia,Nancy_Garcia@lewis-hayden.com,19680305,62971303,1,76b84,Nancy,Garcia
Alex Rhodes,Alex_Rhodes@russell.net,19780913,75808519,1,a5121,Alex,Rhodes
Daniel Bennett,Daniel_Bennett@stephens-oneill.com,19730228,20776023,1,1ed65,Daniel,Bennett
Kevin Woodard,Kevin_Woodard@lynch.com,19550809,30319911,1,0dee6,Kevin,Woodard
Alan Peterson,Alan_Peterson@burch.com,19760129,88993663,1,9e709,Alan,Peterson
Jacob Grant,Jacob_Grant@cummings.com,19911204,94196575,1,46694,Jacob,Grant
Gabrielle Johnson,Gabrielle_Johnson@serrano.com,19581006,35424207,1,fcba1,Gabrielle,Johnson
Caleb Morales,Caleb_Morales@collins.com,19660329,69459679,1,0598c,Caleb,Morales
James Dominguez,James_Dominguez@black.com,19881205,49527207,1,e2663,James,Dominguez
Kathryn Cardenas,Kathryn_Cardenas@skinner.com,19830508,81016239,1,35ae4,Kathryn,Cardenas
Jeffrey Santiago,Jeffrey_Santiago@duncan.com,19750228,93827623,1,5cbec,Jeffrey,Santiago
Andrew Mclaughlin,Andrew_Mclaughlin@fitzpatrick-lucas.com,19730514,66417719,1,b2423,Andrew,Mclaughlin
Mr. Bryan Porter,Bryan_Porter@elliott.com,19570214,88089671,1,e9e42,Bryan,Porter
Brendan Smith,Brendan_Smith@williams.com,19580516,67839775,1,750a9,Brendan,Smith
Jeffrey Hernandez,Jeffrey_Hernandez@mcdaniel.com,19891231,76263607,1,f3251,Jeffrey,Hernandez
Michael Miller,Michael_Miller@taylor-moore.com,19640520,17581687,1,375ad,Michael,Miller
Theresa Newman,Theresa_Newman@perry-scott.com,19941129,36575799,1,069d1,Theresa,Newman
Paul Romero,Paul_Romero@middleton-jones.com,19601007,98843943,1,7ffde,Paul,Romero
Janet Choi MD,Janet_Choi@neal.com,19860718,66675695,1,e37de,Janet,Choi
Mark Bender,Mark_Bender@oneal-wilkins.com,19690911,27354911,1,b8ade,Mark,Bender
Abigail Brown,Abigail_Brown@jones-underwood.com,19801008,15726143,1,b08b0,Abigail,Brown
Antonio Dominguez,Antonio_Dominguez@nichols.com,19801115,75861007,1,821d7,Antonio,Dominguez
Tony Morris,Tony_Morris@davis.com,19700805,33280551,1,1057d,Tony,Morris
Randy Carlson,Randy_Carlson@rivera.com,19550530,51211679,1,d8db2,Randy,Carlson
Mitchell Pierce,Mitchell_Pierce@houston-conway.net,20010824,96845551,1,7e42c,Mitchell,Pierce
Angela West,Angela_West@anderson-fitzgerald.com,19810427,59397207,1,0afba,Angela,West
Kevin Peters,Kevin_Peters@edwards.com,19670206,28855487,1,c9aea,Kevin,Peters
Benjamin Conway,Benjamin_Conway@burton-paul.com,19551228,23338319,1,b14b9,Benjamin,Conway
Andrew Stewart,Andrew_Stewart@wong.com,19510212,19799879,1,5a9fe,Andrew,Stewart
Brenda Jones,Brenda_Jones@lang.com,19550804,62608823,1,e27fe,Brenda,Jones
Elizabeth Bailey,Elizabeth_Bailey@stephenson-arnold.com,19630101,20218071,1,5c8a5,Elizabeth,Bailey
Kelly Levy,Kelly_Levy@barajas.com,19940508,74468255,1,b4299,Kelly,Levy
Thomas Burton,Thomas_Burton@dunn-avery.net,19750419,14613071,1,e624b,Thomas,Burton
Paul Peterson,Paul_Peterson@bullock.com,20021225,59148863,1,c41f4,Paul,Peterson
Michael Reilly,Michael_Reilly@cooper.net,19720514,33876967,1,1c829,Michael,Reilly
Alejandra Martinez,Alejandra_Martinez@jones.com,19791221,87381327,1,d6f6b,Alejandra,Martinez
Timothy Sanders,Timothy_Sanders@harrell.com,19521003,63453583,1,e813f,Timothy,Sanders
Latoya Little,Latoya_Little@martinez.com,19780807,43404335,1,c16bd,Latoya,Little
Sarah Harvey,Sarah_Harvey@martin-smith.com,19600331,58520471,1,119d2,Sarah,Harvey
Melissa Ortiz,Melissa_Ortiz@lee-malone.com,19580729,49637727,1,84be0,Melissa,Ortiz
Brooke Hernandez,Brooke_Hernandez@benitez.com,19911114,97309975,1,bcb5b,Brooke,Hernandez
Lisa Livingston,Lisa_Livingston@glover.com,19500423,20519415,1,19295,Lisa,Livingston
Eugene Mason,Eugene_Mason@gardner.com,19781213,47810855,1,6bc9b,Eugene,Mason
Daniel Cunningham,Daniel_Cunningham@cooper.com,19730326,78657983,1,12799,Daniel,Cunningham
Alex Smith,Alex_Smith@johnson.com,20020503,58965703,1,894dd,Alex,Smith
Jessica Vargas,Jessica_Vargas@miller-price.net,19810517,48925903,1,ed53f,Jessica,Vargas
Olivia Clark,Olivia_Clark@wade-roberson.com,19741001,67793735,1,92a9e,Olivia,Clark
Cathy Carney,Cathy_Carney@williams.net,19970522,31104151,1,0d73a,Cathy,Carney
Haley Baldwin,Haley_Baldwin@bush-wolfe.com,19650413,31940631,1,b3439,Haley,Baldwin
Alexander Wilson,Alexander_Wilson@barron-garcia.com,19881111,13893319,1,51998,Alexander,Wilson
April Cole,April_Cole@vargas.com,19610622,65186503,1,2b0a2,April,Cole
Holly Riley,Holly_Riley@stokes.com,19740728,55620431,1,3e1f8,Holly,Riley
Jeffrey Poole,Jeffrey_Poole@cross.com,19570204,82077439,1,23f28,Jeffrey,Poole
Rachel Poole,Rachel_Poole@jones.net,19760708,35095087,1,c5b79,Rachel,Poole
Sheena Ward,Sheena_Ward@wilson-mcbride.com,19730926,96834175,1,57d0c,Sheena,Ward
Cynthia Smith,Cynthia_Smith@smith.com,19510905,48760255,1,9f8dc,Cynthia,Smith
Kevin Clayton,Kevin_Clayton@miller.com,19750708,25081071,1,7f5be,Kevin,Clayton
Sarah Coleman,Sarah_Coleman@novak.com,19500119,37411775,1,db259,Sarah,Coleman
Cody Becker,Cody_Becker@hansen.com,19601216,76003567,1,dd317,Cody,Becker
Miss Molly Miller,Molly_Miller@king-kelly.net,19771105,99947663,1,4ae09,Miss,Molly
Craig Bailey,Craig_Bailey@hancock-brown.com,19970713,33032303,1,fac5d,Craig,Bailey
Patricia Gray,Patricia_Gray@dawson.com,19660319,18281751,1,00c0a,Patricia,Gray
Robert Rivera DVM,Robert_Rivera@gibson.com,19500722,35020847,1,6a7ce,Robert,Rivera
Miss Michelle Lewis,Michelle_Lewis@wiggins-thornton.com,19830121,64700455,1,afe1c,Miss,Michelle
John Owens,John_Owens@callahan.com,19670424,71230983,1,4cd37,John,Owens
Sarah Smith,Sarah_Smith@kirk.com,19680804,22702359,1,313dd,Sarah,Smith
Nancy Lucas,Nancy_Lucas@aguilar.com,19830706,91477863,1,94653,Nancy,Lucas
Christina Murray,Christina_Murray@collins-day.com,19791217,35027583,1,a46c7,Christina,Murray
Emma Berry,Emma_Berry@charles.com,19940107,34612959,1,c02ad,Emma,Berry
Christopher Gross,Christopher_Gross@grimes.net,20031114,49217831,1,2742d,Christopher,Gross
Jason Hawkins,Jason_Hawkins@adams-hunter.com,19541001,31750255,1,8aa4f,Jason,Hawkins
Jeffrey Rodriguez,Jeffrey_Rodriguez@johnson-white.com,19690718,29947599,1,84bf3,Jeffrey,Rodriguez
Christina Miller,Christina_Miller@marshall-lucas.com,19530425,92153503,1,84bb3,Christina,Miller
Maria Miller,Maria_Miller@roberts.com,19941221,86317751,1,208dd,Maria,Miller
Eileen Davis,Eileen_Davis@knox.com,19520404,19544735,1,3a81f,Eileen,Davis
Harry Miller,Harry_Miller@warner-jackson.com,19890613,63478047,1,4e2a7,Harry,Miller
Ellen Montes,Ellen_Montes@sellers.com,19610714,16519759,1,29eaa,Ellen,Montes
Gregory Mclean,Gregory_Mclean@valencia.com,19610801,38860951,1,3b78d,Gregory,Mclean
Angela Spencer,Angela_Spencer@lopez.com,19980502,18410783,1,071ed,Angela,Spencer
Christina Price,Christina_Price@kennedy-tran.com,19860508,65381695,1,fb35b,Christina,Price
Amber Randall,Amber_Randall@boyd-freeman.net,19520910,60506343,1,fe7f8,Amber,Randall
Matthew Morris,Matthew_Morris@boyle-novak.com,19981111,49822607,1,f9657,Matthew,Morris
Cindy Blackburn,Cindy_Blackburn@bolton.net,20001008,86098071,1,0c5fb,Cindy,Blackburn
Matthew Jacobson,Matthew_Jacobson@bishop-thomas.com,19510412,99110191,1,496c2,Matthew,Jacobson
Stacy Jones,Stacy_Jones@perez.com,19940909,71998399,1,c6f5d,Stacy,Jones
Scott Zimmerman,Scott_Zimmerman@fischer.com,19560130,70071511,1,881d6,Scott,Zimmerman
Dakota Silva,Dakota_Silva@barker-miller.com,19790710,41853599,1,fff90,Dakota,Silva
Jacob Spencer MD,Jacob_Spencer@jefferson.net,19620226,41992359,1,d5b01,Jacob,Spencer
Matthew Oliver,Matthew_Oliver@mitchell.com,19720423,14016935,1,94edc,Matthew,Oliver
Roger Maddox,Roger_Maddox@richards.com,19810426,86988519,1,6974f,Roger,Maddox
Bryan Gutierrez,Bryan_Gutierrez@short-huerta.net,19881118,84795039,1,c61e8,Bryan,Gutierrez
Peter Schultz,Peter_Schultz@shah.com,19570829,78301895,1,5fff4,Peter,Schultz
Justin Burke,Justin_Burke@johnson.com,19960212,43401655,1,a32e6,Justin,Burke
Sarah Ramsey,Sarah_Ramsey@hayes.com,19640622,63376279,1,4c3e8,Sarah,Ramsey
Michael Chang,Michael_Chang@watkins.com,19900209,99632783,1,e27c8,Michael,Chang
Pamela Hughes,Pamela_Hughes@rivas-garza.com,19570116,32117783,1,bf91b,Pamela,Hughes
Jimmy Morris,Jimmy_Morris@hall-watkins.com,19640120,31836895,1,25892,Jimmy,Morris
Lauren Romero,Lauren_Romero@davis.com,20020425,50100783,1,e5750,Lauren,Romero
Adam Jones,Adam_Jones@kline-reeves.com,19570107,83246639,1,2b07e,Adam,Jones
Matthew Murphy,Matthew_Murphy@graham.com,19600216,18189831,1,5dc4e,Matthew,Murphy
Jessica Arroyo,Jessica_Arroyo@flores-evans.com,20021019,24971015,1,a6982,Jessica,Arroyo
Caleb Zuniga,Caleb_Zuniga@stone.net,19681028,36180711,1,a2d94,Caleb,Zuniga
Cheyenne Moreno,Cheyenne_Moreno@hampton.com,19600912,61341887,1,8048c,Cheyenne,Moreno
Courtney Lopez,Courtney_Lopez@sanders.com,19710810,35323391,1,93fe3,Courtney,Lopez
Kenneth Williamson,Kenneth_Williamson@perez.com,19540310,36169599,1,2b72a,Kenneth,Williamson
Bruce Browning,Bruce_Browning@robertson-baldwin.com,19631113,22984503,1,1f631,Bruce,Browning
Shannon Gilbert,Shannon_Gilbert@brown-schaefer.com,19920613,34472903,1,cba39,Shannon,Gilbert
Amanda Brown,Amanda_Brown@williams.com,19541218,52400391,1,cde99,Amanda,Brown
Riley Gomez,Riley_Gomez@hoffman.com,19810211,20838807,1,010a6,Riley,Gomez
Shelby Price,Shelby_Price@fuller.net,19860807,74350543,1,e8f96,Shelby,Price
Scott Harris,Scott_Harris@mullins.com,19901214,36307567,1,fc222,Scott,Harris
Bonnie Franklin,Bonnie_Franklin@gillespie.com,19880714,22008807,1,f8d94,Bonnie,Franklin
Ashley Morris,Ashley_Morris@marshall.net,20021001,13085855,1,73a97,Ashley,Morris
Jack Jensen,Jack_Jensen@kent-williamson.net,19601229,93571087,1,676e2,Jack,Jensen
Daniel Armstrong,Daniel_Armstrong@brown.com,19820714,18991247,1,f79a4,Daniel,Armstrong
Susan Donovan,Susan_Donovan@jordan-anderson.com,19690130,85222335,1,6c619,Susan,Donovan
Michael Powell,Michael_Powell@mccall.com,19941127,63894311,1,4f74d,Michael,Powell
Alexander Lowe,Alexander_Lowe@morris.com,19610508,93074023,1,73be1,Alexander,Lowe
